id,first_name,last_name,email,gender,ip_address
1,Christiane,Churchward,cchurchward0@pbs.org,Female,20.17.182.102
2,Martha,Kennermann,mkennermann1@soundcloud.com,Female,153.192.182.100
3,Ginger,Marcham,gmarcham2@pcworld.com,Male,246.69.187.253
4,Rosabelle,Gretton,rgretton3@economist.com,Female,175.187.236.247
5,Granny,Hindenburg,ghindenburg4@discovery.com,Male,108.206.187.120
6,Gillie,Howling,ghowling5@icq.com,Female,209.183.112.250
7,Teddy,Pirrone,tpirrone6@latimes.com,Male,34.88.57.134
8,Minni,Pallasch,mpallasch7@slideshare.net,Female,177.141.168.63
9,Asia,Deener,adeener8@businesswire.com,Female,90.106.20.61
10,Marinna,Lorincz,mlorincz9@instagram.com,Female,236.3.16.121
11,Barny,Mandrake,bmandrakea@xing.com,Male,31.51.224.213
12,Beatrice,Grooby,bgroobyb@vistaprint.com,Female,5.243.13.19
13,Osborn,McKinney,omckinneyc@wix.com,Male,200.16.210.144
14,Erinna,Faill,efailld@mozilla.org,Female,167.84.44.241
15,Shay,Cragg,scragge@oaic.gov.au,Male,149.144.184.140
16,Florella,Boliver,fboliverf@4shared.com,Female,45.205.140.47
17,Sheridan,Troake,stroakeg@hhs.gov,Male,220.43.234.112
18,Devi,Penkethman,dpenkethmanh@angelfire.com,Female,59.101.69.41
19,Orion,Slessar,oslessari@xing.com,Male,186.205.198.69
20,Nichols,Govenlock,ngovenlockj@g.co,Male,178.138.168.187
21,Alisun,Willicott,awillicottk@mail.ru,Female,147.64.45.3
22,Lonee,Bewly,lbewlyl@ebay.com,Female,1.32.84.104
23,Boot,Trice,btricem@weibo.com,Male,122.36.154.67
24,Stanford,Deveral,sdeveraln@nasa.gov,Male,77.138.93.67
25,Debbie,Yashin,dyashino@patch.com,Female,126.39.0.204
26,Harmony,Belderfield,hbelderfieldp@phpbb.com,Female,9.152.231.61
27,Una,Pettipher,upettipherq@cnn.com,Female,235.207.160.191
28,Birk,Moyce,bmoycer@eventbrite.com,Male,83.132.33.149
29,Cleve,Late,clates@abc.net.au,Male,158.164.179.121
30,Husein,Shucksmith,hshucksmitht@a8.net,Male,69.121.126.186
31,Karisa,Pullen,kpullenu@deviantart.com,Female,56.86.0.238
32,Caleb,Wawer,cwawerv@discuz.net,Male,174.23.121.154
33,Worthington,Joint,wjointw@aboutads.info,Male,101.102.253.152
34,Giselbert,Burchett,gburchettx@spotify.com,Male,96.253.43.248
35,Morgen,Comerford,mcomerfordy@hp.com,Male,244.113.85.17
36,Way,Pagel,wpagelz@nsw.gov.au,Male,80.34.157.93
37,Gardy,Well,gwell10@squidoo.com,Male,136.148.53.253
38,Jaymie,Gerdts,jgerdts11@w3.org,Male,240.20.182.114
39,Logan,Durtnal,ldurtnal12@upenn.edu,Male,88.152.16.218
40,Kory,Jacobowitz,kjacobowitz13@oakley.com,Male,128.136.145.184
41,Phillipp,Lawrenceson,plawrenceson14@economist.com,Male,255.41.122.37
42,Alvy,Chiverton,achiverton15@yale.edu,Male,205.9.137.111
43,Berny,Chaston,bchaston16@stanford.edu,Female,186.236.189.66
44,Eal,Doak,edoak17@europa.eu,Male,238.118.183.213
45,Emlynn,Eustis,eeustis18@flavors.me,Female,59.153.237.138
46,Cosimo,Rous,crous19@360.cn,Male,188.118.206.124
47,Ned,O'Drought,nodrought1a@wisc.edu,Male,163.120.0.55
48,Roselia,Rogerot,rrogerot1b@mapy.cz,Female,23.189.187.22
49,Lisabeth,Albone,lalbone1c@comsenz.com,Female,148.23.236.146
50,Evita,Eadmead,eeadmead1d@diigo.com,Female,240.55.70.98
51,Aurea,McNab,amcnab1e@booking.com,Female,198.54.161.22
52,Georgeanne,Blaasch,gblaasch1f@ftc.gov,Female,252.164.133.62
53,Hewett,Lonergan,hlonergan1g@hibu.com,Male,255.38.138.179
54,Humbert,Flooks,hflooks1h@loc.gov,Male,49.79.222.1
55,Sandro,Werrilow,swerrilow1i@sohu.com,Male,58.89.28.196
56,Mill,Sowden,msowden1j@miitbeian.gov.cn,Male,139.43.108.242
57,Fin,Tombling,ftombling1k@instagram.com,Male,35.41.247.10
58,Dallas,Gludor,dgludor1l@patch.com,Female,182.17.181.60
59,Abbe,Ginie,aginie1m@odnoklassniki.ru,Male,251.126.4.183
60,Town,Hodgin,thodgin1n@furl.net,Male,163.158.9.192
61,Hershel,Heasman,hheasman1o@yahoo.com,Male,17.30.204.205
62,Merline,Rontree,mrontree1p@wikia.com,Female,24.18.83.70
63,Lutero,Ebbings,lebbings1q@vk.com,Male,23.12.107.132
64,Desmond,Oldfield-Cherry,doldfieldcherry1r@flickr.com,Male,169.175.84.15
65,Rollin,MacLardie,rmaclardie1s@blogger.com,Male,138.136.215.209
66,Cristiano,Kleiner,ckleiner1t@moonfruit.com,Male,173.97.206.168
67,Garth,Dowse,gdowse1u@gov.uk,Male,150.251.219.247
68,Holly-anne,Halpen,hhalpen1v@wufoo.com,Female,240.3.131.69
69,Amii,Otterwell,aotterwell1w@mashable.com,Female,90.155.47.90
70,Susi,Fogarty,sfogarty1x@microsoft.com,Female,196.26.88.18
71,Gabi,Lynthal,glynthal1y@xrea.com,Female,33.235.165.37
72,Fredrick,Elloy,felloy1z@ibm.com,Male,150.10.108.106
73,Harv,Athersmith,hathersmith20@google.com,Male,156.29.2.219
74,Melodie,Erie,merie21@51.la,Female,123.103.26.224
75,Carlie,Pedri,cpedri22@sourceforge.net,Male,42.104.163.235
76,Tilda,Patterson,tpatterson23@hc360.com,Female,89.26.110.157
77,Neely,Askew,naskew24@ca.gov,Female,217.39.111.153
78,Bruno,Tapp,btapp25@discovery.com,Male,168.94.23.9
79,Giralda,Cuell,gcuell26@creativecommons.org,Female,58.160.56.178
80,Tobi,Thomsson,tthomsson27@artisteer.com,Female,189.185.90.35
81,Galven,Itzkovwich,gitzkovwich28@bbb.org,Male,103.23.255.132
82,Taffy,Morde,tmorde29@miibeian.gov.cn,Female,12.44.169.19
83,Denni,Ebi,debi2a@sogou.com,Female,174.167.6.20
84,Tally,Marrow,tmarrow2b@51.la,Male,169.117.238.184
85,Melvin,Learmonth,mlearmonth2c@ed.gov,Male,213.30.8.87
86,Teodoor,Kalinsky,tkalinsky2d@zimbio.com,Male,1.173.204.157
87,Ripley,Habbert,rhabbert2e@un.org,Male,221.103.80.22
88,Ingmar,Bartley,ibartley2f@sourceforge.net,Male,60.174.216.73
89,Townsend,Jehaes,tjehaes2g@prnewswire.com,Male,103.213.90.79
90,Caresa,Yegorchenkov,cyegorchenkov2h@dagondesign.com,Female,242.27.44.249
91,Christan,Milesap,cmilesap2i@oaic.gov.au,Female,206.29.242.218
92,Stefano,Lissett,slissett2j@bravesites.com,Male,240.48.24.23
93,Paolina,Imison,pimison2k@instagram.com,Female,68.77.154.56
94,Kelly,Jehu,kjehu2l@addthis.com,Female,233.136.54.255
95,Nikolaus,Hobson,nhobson2m@unesco.org,Male,130.124.62.247
96,Silva,Kezar,skezar2n@networkadvertising.org,Female,98.33.157.252
97,Cami,McLugaish,cmclugaish2o@lulu.com,Female,90.129.84.78
98,Karlen,Stangoe,kstangoe2p@sogou.com,Female,81.51.81.40
99,Linoel,Geraldini,lgeraldini2q@discovery.com,Male,94.10.159.235
100,Eudora,Kenset,ekenset2r@diigo.com,Female,206.249.8.69
101,Nate,Latter,nlatter2s@cafepress.com,Male,113.111.184.4
102,Krysta,Simka,ksimka2t@latimes.com,Female,31.41.187.184
103,Vin,Bruyns,vbruyns2u@jiathis.com,Male,170.26.57.192
104,Bert,Mordanti,bmordanti2v@dyndns.org,Male,10.107.135.84
105,Nissie,Yuryaev,nyuryaev2w@geocities.jp,Female,240.114.117.126
106,Irving,Pacht,ipacht2x@over-blog.com,Male,217.114.68.20
107,Geno,Pietrzyk,gpietrzyk2y@wix.com,Male,68.143.202.67
108,Roxana,Bilverstone,rbilverstone2z@blinklist.com,Female,193.108.118.21
109,Cass,Dirkin,cdirkin30@wordpress.com,Male,143.26.215.247
110,Shermie,Pettie,spettie31@yellowbook.com,Male,61.165.137.85
111,Zaneta,La Rosa,zlarosa32@apache.org,Female,178.190.78.12
112,Maddie,Vanacci,mvanacci33@businessweek.com,Female,76.73.85.211
113,Rona,Oldridge,roldridge34@seattletimes.com,Female,117.88.24.65
114,Denver,Pennetta,dpennetta35@cisco.com,Male,37.24.63.90
115,Kristopher,Lloyd-Williams,klloydwilliams36@squidoo.com,Male,56.73.186.212
116,Fulton,Alyukin,falyukin37@xrea.com,Male,240.66.204.166
117,Gaston,Ramsden,gramsden38@aboutads.info,Male,35.140.42.147
118,Zebadiah,Prue,zprue39@boston.com,Male,91.237.185.49
119,Michele,Wilford,mwilford3a@cisco.com,Female,211.71.147.173
120,Ursa,Dansie,udansie3b@mapy.cz,Female,67.51.13.199
121,Paquito,Cockley,pcockley3c@who.int,Male,147.54.24.48
122,Garold,Morratt,gmorratt3d@vinaora.com,Male,52.150.185.211
123,Cilka,Dioniso,cdioniso3e@creativecommons.org,Female,76.159.197.61
124,Imogen,Mears,imears3f@webeden.co.uk,Female,231.128.240.0
125,Ediva,Scarlett,escarlett3g@wunderground.com,Female,62.89.198.64
126,Brody,Cornthwaite,bcornthwaite3h@weebly.com,Male,142.135.56.176
127,Duane,Antognoni,dantognoni3i@businessinsider.com,Male,185.100.140.148
128,Lisbeth,Entwhistle,lentwhistle3j@imageshack.us,Female,48.173.150.249
129,Meara,Sheerin,msheerin3k@cloudflare.com,Female,39.62.79.123
130,Preston,Staite,pstaite3l@multiply.com,Male,133.150.72.185
131,Hayley,Lovatt,hlovatt3m@businessinsider.com,Female,177.177.157.138
132,Alverta,Longshaw,alongshaw3n@ow.ly,Female,46.198.171.232
133,Conchita,Beacom,cbeacom3o@etsy.com,Female,112.212.117.33
134,Josee,Stigers,jstigers3p@engadget.com,Female,102.166.6.15
135,Cristine,Riddel,criddel3q@ftc.gov,Female,21.190.148.165
136,Phelia,Bortolotti,pbortolotti3r@unc.edu,Female,83.155.102.140
137,Jelene,Tower,jtower3s@qq.com,Female,110.241.237.37
138,Gerta,Broadis,gbroadis3t@goodreads.com,Female,107.253.157.72
139,Stinky,Gerhts,sgerhts3u@ebay.com,Male,189.69.209.107
140,Rachael,Menary,rmenary3v@joomla.org,Female,102.112.252.104
141,Lexy,Wellman,lwellman3w@army.mil,Female,119.166.185.198
142,Tricia,Chadwell,tchadwell3x@noaa.gov,Female,33.227.144.220
143,Rolando,Silversmid,rsilversmid3y@imageshack.us,Male,187.162.161.153
144,Marcelo,Pyvis,mpyvis3z@wix.com,Male,149.159.190.190
145,Dottie,Seamons,dseamons40@earthlink.net,Female,130.15.79.119
146,Flemming,Fulker,ffulker41@reuters.com,Male,203.64.158.56
147,Eleanor,Dulling,edulling42@abc.net.au,Female,105.91.250.49
148,Hershel,Sellors,hsellors43@altervista.org,Male,144.125.232.145
149,Liliane,Offiler,loffiler44@npr.org,Female,200.160.248.11
150,Amery,Northall,anorthall45@vk.com,Male,48.184.172.207
151,Danit,Gaskall,dgaskall46@webnode.com,Female,29.37.250.131
152,Corabel,Pallister,cpallister47@clickbank.net,Female,115.76.126.9
153,Calvin,Bugg,cbugg48@engadget.com,Male,195.94.150.67
154,Stella,Vobes,svobes49@about.com,Female,226.113.253.204
155,Mordecai,Duling,mduling4a@oakley.com,Male,247.254.68.183
156,Sisile,Connelly,sconnelly4b@theglobeandmail.com,Female,69.24.52.61
157,Rodger,Clail,rclail4c@illinois.edu,Male,6.144.7.201
158,Sigismund,Hamnett,shamnett4d@technorati.com,Male,208.106.50.69
159,Laurens,Parfitt,lparfitt4e@elpais.com,Male,183.198.209.121
160,Bowie,Bucher,bbucher4f@smugmug.com,Male,136.41.56.243
161,Lanny,Leadbeatter,lleadbeatter4g@marketwatch.com,Male,138.51.204.249
162,Kath,Bowell,kbowell4h@usgs.gov,Female,229.159.199.176
163,Fitz,Desmond,fdesmond4i@miibeian.gov.cn,Male,63.239.200.158
164,Sharia,Hacket,shacket4j@google.fr,Female,50.250.242.235
165,Corey,Kealey,ckealey4k@reuters.com,Male,82.228.80.154
166,Geraldine,Duchart,gduchart4l@independent.co.uk,Female,55.86.135.231
167,Selle,Macci,smacci4m@de.vu,Female,239.89.143.106
168,Madelena,Kefford,mkefford4n@illinois.edu,Female,152.88.220.31
169,Antonietta,Curtain,acurtain4o@independent.co.uk,Female,148.187.111.77
170,Neron,Lundon,nlundon4p@moonfruit.com,Male,101.158.174.90
171,Nadean,Coronas,ncoronas4q@deviantart.com,Female,141.125.33.199
172,Margret,Daid,mdaid4r@unblog.fr,Female,6.33.215.6
173,Lacy,Farrears,lfarrears4s@facebook.com,Female,137.62.42.236
174,Jock,Bayly,jbayly4t@miitbeian.gov.cn,Male,216.169.162.32
175,Scarlett,Rymell,srymell4u@kickstarter.com,Female,191.171.96.110
176,Katlin,Muckle,kmuckle4v@businesswire.com,Female,208.64.97.185
177,Fin,Asplen,fasplen4w@kickstarter.com,Male,116.76.178.135
178,Goldia,Malone,gmalone4x@phpbb.com,Female,96.133.217.164
179,Peyter,Castro,pcastro4y@adobe.com,Male,146.95.137.188
180,Beulah,Beddon,bbeddon4z@t-online.de,Female,96.184.30.209
181,Jolie,Randales,jrandales50@msu.edu,Female,145.255.255.47
182,Tirrell,Busch,tbusch51@1und1.de,Male,86.216.25.178
183,Annelise,Woodman,awoodman52@nationalgeographic.com,Female,186.58.193.48
184,Joceline,Jzak,jjzak53@furl.net,Female,220.254.155.70
185,Mischa,GiacobbiniJacob,mgiacobbinijacob54@flavors.me,Male,199.47.185.12
186,Markus,Hutable,mhutable55@dion.ne.jp,Male,211.58.150.15
187,Nappie,Malcolm,nmalcolm56@census.gov,Male,209.240.223.61
188,Ardra,Wimbury,awimbury57@domainmarket.com,Female,95.250.251.152
189,Pietra,Bonnefin,pbonnefin58@360.cn,Female,64.249.41.249
190,Connie,Spinnace,cspinnace59@free.fr,Male,131.179.18.144
191,Kermy,Prandi,kprandi5a@mit.edu,Male,15.147.175.225
192,Almeta,Dellenbrok,adellenbrok5b@blinklist.com,Female,240.154.232.90
193,Cly,Tolle,ctolle5c@live.com,Male,97.57.145.58
194,Zedekiah,Jiruca,zjiruca5d@abc.net.au,Male,8.178.116.114
195,Dorella,Byas,dbyas5e@dot.gov,Female,57.97.105.215
196,Tonia,Wisniewski,twisniewski5f@quantcast.com,Female,84.133.45.80
197,Myrah,Tunnow,mtunnow5g@is.gd,Female,56.115.111.113
198,Lorne,Sneath,lsneath5h@ed.gov,Male,150.236.200.7
199,Melamie,Rathe,mrathe5i@yolasite.com,Female,18.194.145.123
200,Tito,Southcomb,tsouthcomb5j@macromedia.com,Male,161.58.121.254
201,Ronica,Ellul,rellul5k@hostgator.com,Female,41.129.128.70
202,Gerhard,Danigel,gdanigel5l@homestead.com,Male,117.38.126.165
203,Rudyard,MacKimmie,rmackimmie5m@people.com.cn,Male,42.88.253.116
204,Dorotea,Cookes,dcookes5n@rakuten.co.jp,Female,11.92.29.179
205,Inesita,Grindle,igrindle5o@independent.co.uk,Female,174.112.44.141
206,Valentin,Gerbi,vgerbi5p@nhs.uk,Male,52.139.230.53
207,Kristofor,Stone,kstone5q@pinterest.com,Male,66.99.42.186
208,Montague,Silverlock,msilverlock5r@gizmodo.com,Male,215.52.43.116
209,Deerdre,Glauber,dglauber5s@state.tx.us,Female,123.148.28.183
210,Orlan,Chastelain,ochastelain5t@parallels.com,Male,36.117.117.22
211,Patten,Grzes,pgrzes5u@go.com,Male,198.241.16.218
212,Beatrix,Klimpt,bklimpt5v@amazon.co.jp,Female,70.169.83.220
213,Cornelius,Mullins,cmullins5w@eepurl.com,Male,56.42.121.208
214,Yolane,Piken,ypiken5x@ucoz.com,Female,52.68.145.186
215,Laraine,Malyj,lmalyj5y@i2i.jp,Female,59.181.253.236
216,Julita,Maylor,jmaylor5z@shinystat.com,Female,167.27.206.81
217,Bil,Chaman,bchaman60@clickbank.net,Male,175.120.153.180
218,Chelsy,Paddeley,cpaddeley61@rediff.com,Female,14.223.204.142
219,Wildon,Stanesby,wstanesby62@guardian.co.uk,Male,127.116.91.221
220,Chrisy,Malacrida,cmalacrida63@dmoz.org,Male,175.186.123.18
221,Willetta,Minogue,wminogue64@prweb.com,Female,72.154.124.53
222,Mordy,McGilleghole,mmcgilleghole65@nsw.gov.au,Male,202.245.164.38
223,Kelila,Coldman,kcoldman66@unc.edu,Female,209.121.179.227
224,Maurizia,Lots,mlots67@ovh.net,Female,108.61.9.190
225,Sherm,Neave,sneave68@europa.eu,Male,222.12.177.164
226,Terry,Flescher,tflescher69@geocities.jp,Male,216.24.16.207
227,Celene,Grestye,cgrestye6a@answers.com,Female,113.237.187.167
228,Dehlia,Studholme,dstudholme6b@altervista.org,Female,124.41.66.64
229,Tonnie,Regi,tregi6c@dion.ne.jp,Male,161.131.231.190
230,Angeli,Gonzalvo,agonzalvo6d@dot.gov,Male,27.82.68.188
231,Pablo,Farnorth,pfarnorth6e@japanpost.jp,Male,54.216.212.75
232,Ring,Tuttiett,rtuttiett6f@yellowbook.com,Male,122.180.91.36
233,Elston,Cayzer,ecayzer6g@mtv.com,Male,214.57.114.40
234,Mohammed,Klima,mklima6h@mail.ru,Male,48.196.146.140
235,Andras,Moylane,amoylane6i@domainmarket.com,Male,145.85.244.89
236,Rolfe,Gietz,rgietz6j@cam.ac.uk,Male,147.115.180.243
237,Stace,Sheraton,ssheraton6k@mediafire.com,Female,79.232.65.146
238,Aretha,Tatton,atatton6l@salon.com,Female,50.105.137.110
239,Mavra,Canland,mcanland6m@gravatar.com,Female,156.6.44.213
240,Allyn,Quadrio,aquadrio6n@china.com.cn,Female,145.16.168.163
241,Shani,Tidswell,stidswell6o@psu.edu,Female,66.200.79.76
242,Abba,Durward,adurward6p@squarespace.com,Male,5.237.5.6
243,Queenie,Sandeland,qsandeland6q@zdnet.com,Female,52.76.198.212
244,Pincus,Dearman,pdearman6r@naver.com,Male,250.89.248.167
245,Gaylor,McMeanma,gmcmeanma6s@shareasale.com,Male,111.57.132.187
246,Tiffanie,Rubega,trubega6t@theatlantic.com,Female,129.1.122.214
247,Dewitt,Jollie,djollie6u@nps.gov,Male,200.0.104.242
248,Rockwell,Crosbie,rcrosbie6v@harvard.edu,Male,25.161.199.15
249,Robbert,Earland,rearland6w@reuters.com,Male,44.18.92.50
250,Felipe,Haresign,fharesign6x@hugedomains.com,Male,170.72.219.93
251,Gannie,Hurdis,ghurdis6y@phpbb.com,Male,168.78.93.214
252,Hermann,Tarbox,htarbox6z@blinklist.com,Male,64.159.181.26
253,Geralda,Caesman,gcaesman70@oracle.com,Female,63.255.129.177
254,Benito,Goutcher,bgoutcher71@dyndns.org,Male,73.107.118.147
255,Yalonda,Waleran,ywaleran72@i2i.jp,Female,217.238.109.82
256,Vera,Fallens,vfallens73@mashable.com,Female,99.234.200.199
257,Hal,Southers,hsouthers74@devhub.com,Male,148.83.162.170
258,Janelle,Gilhooley,jgilhooley75@fastcompany.com,Female,68.191.214.174
259,Kory,Douglass,kdouglass76@ezinearticles.com,Male,250.190.103.89
260,Andriette,Swindley,aswindley77@mayoclinic.com,Female,0.115.96.185
261,Allyn,Brognot,abrognot78@umich.edu,Female,19.244.225.169
262,See,Florentine,sflorentine79@bluehost.com,Male,91.212.190.148
263,Cross,Kemmish,ckemmish7a@gov.uk,Male,234.214.236.8
264,Hans,Shoebottom,hshoebottom7b@creativecommons.org,Male,103.64.194.224
265,Hansiain,Westmorland,hwestmorland7c@friendfeed.com,Male,18.100.49.191
266,Selina,Duchenne,sduchenne7d@arizona.edu,Female,56.132.26.154
267,Kelli,Booler,kbooler7e@hibu.com,Female,54.34.25.25
268,Keven,Detoc,kdetoc7f@usatoday.com,Male,36.127.233.55
269,Amelie,Ribeiro,aribeiro7g@paginegialle.it,Female,123.122.230.0
270,Hervey,Hanna,hhanna7h@paypal.com,Male,250.77.225.144
271,Simmonds,Pippard,spippard7i@google.co.jp,Male,14.233.86.57
272,Suzy,Sprigg,ssprigg7j@histats.com,Female,249.77.120.223
273,Cass,Fiveash,cfiveash7k@sourceforge.net,Male,35.29.151.207
274,Wendie,Jacmard,wjacmard7l@mit.edu,Female,88.59.21.209
275,Whitby,Gamblin,wgamblin7m@ycombinator.com,Male,58.253.49.112
276,Andie,Mahaffey,amahaffey7n@people.com.cn,Female,31.189.70.255
277,Itch,De Vaux,idevaux7o@e-recht24.de,Male,212.154.14.89
278,Mattie,Shrimpton,mshrimpton7p@princeton.edu,Male,150.43.71.169
279,Frederica,Sprules,fsprules7q@dropbox.com,Female,250.53.4.233
280,Fritz,Sibille,fsibille7r@sina.com.cn,Male,253.12.14.87
281,Toddie,Timcke,ttimcke7s@dailymail.co.uk,Male,77.245.35.222
282,Deeanne,Howels,dhowels7t@blogtalkradio.com,Female,108.122.131.240
283,Fair,Sweatman,fsweatman7u@google.es,Male,249.67.238.22
284,Faber,Longega,flongega7v@fastcompany.com,Male,24.100.163.133
285,Maurice,Jennison,mjennison7w@ftc.gov,Male,193.228.129.147
286,Prue,Gonzalez,pgonzalez7x@wunderground.com,Female,67.163.107.255
287,Kirk,Joerning,kjoerning7y@flavors.me,Male,11.73.150.42
288,Ash,Nassy,anassy7z@studiopress.com,Male,72.3.224.186
289,Tildi,Bewly,tbewly80@blogtalkradio.com,Female,200.242.55.186
290,Eugenie,Testo,etesto81@unc.edu,Female,74.178.169.172
291,Sadella,Pearcey,spearcey82@a8.net,Female,250.211.111.219
292,Vassily,Abramcik,vabramcik83@deviantart.com,Male,145.216.174.231
293,Garland,Francillo,gfrancillo84@google.ru,Female,158.110.184.146
294,Merrie,Jiles,mjiles85@sina.com.cn,Female,213.152.96.110
295,Xymenes,Applewhaite,xapplewhaite86@nymag.com,Male,194.137.226.60
296,Valina,Dooland,vdooland87@unicef.org,Female,33.19.66.46
297,Sheffield,Myhill,smyhill88@walmart.com,Male,165.47.251.85
298,Angy,Jellings,ajellings89@pcworld.com,Female,129.115.127.126
299,Angeline,Piesing,apiesing8a@buzzfeed.com,Female,163.238.59.173
300,Saul,Melby,smelby8b@creativecommons.org,Male,41.152.249.170
301,Larine,BoHlingolsen,lbohlingolsen8c@army.mil,Female,156.127.45.182
302,Gabbie,Gruszecki,ggruszecki8d@usa.gov,Male,50.250.0.157
303,Cassondra,Mullan,cmullan8e@fastcompany.com,Female,246.185.216.154
304,Gawain,Gerauld,ggerauld8f@foxnews.com,Male,55.72.129.212
305,Avril,Willets,awillets8g@wunderground.com,Female,213.82.233.241
306,Marmaduke,Tsarovic,mtsarovic8h@bluehost.com,Male,48.137.213.181
307,Laney,Kupper,lkupper8i@si.edu,Female,136.226.134.238
308,Ogdon,Weippert,oweippert8j@pbs.org,Male,236.122.198.94
309,Shandy,McKeighen,smckeighen8k@paginegialle.it,Female,57.204.226.42
310,Tammie,Pods,tpods8l@kickstarter.com,Female,51.29.89.185
311,Winny,Crush,wcrush8m@nature.com,Female,44.195.87.51
312,Rafaela,Tinkler,rtinkler8n@blogtalkradio.com,Female,39.40.242.172
313,Bertram,Pranger,bpranger8o@vinaora.com,Male,195.85.45.136
314,Rockey,Andres,randres8p@engadget.com,Male,119.170.67.71
315,Charis,Crallan,ccrallan8q@whitehouse.gov,Female,184.64.134.139
316,Nickolai,Buist,nbuist8r@wiley.com,Male,169.177.27.183
317,Jarrad,Pennell,jpennell8s@de.vu,Male,176.177.66.203
318,Dagny,Mounce,dmounce8t@skype.com,Male,101.224.150.73
319,Brook,Reveland,breveland8u@wiley.com,Female,246.63.25.148
320,Shelly,Mancktelow,smancktelow8v@slate.com,Female,28.138.174.230
321,Helga,Burnsell,hburnsell8w@etsy.com,Female,125.223.192.87
322,Augustine,Souter,asouter8x@google.com.br,Female,161.168.231.178
323,Bobby,Thomazin,bthomazin8y@guardian.co.uk,Female,72.145.47.127
324,Kerianne,Pull,kpull8z@nps.gov,Female,225.189.178.225
325,Christy,Beckford,cbeckford90@flavors.me,Male,0.74.120.89
326,Jozef,Duer,jduer91@cdc.gov,Male,231.227.80.186
327,Alene,Gilbey,agilbey92@ovh.net,Female,172.230.89.45
328,Corella,Saunt,csaunt93@ft.com,Female,81.251.151.235
329,Arabelle,Clarycott,aclarycott94@shutterfly.com,Female,113.125.62.180
330,Kay,Thurlborn,kthurlborn95@woothemes.com,Female,194.209.86.213
331,Morgan,Schurig,mschurig96@shareasale.com,Male,45.59.116.124
332,Salomone,Hercules,shercules97@lycos.com,Male,41.4.208.95
333,Legra,Vowles,lvowles98@msn.com,Female,103.202.132.38
334,Yvonne,Knappe,yknappe99@slate.com,Female,142.11.227.122
335,Mattie,Gethyn,mgethyn9a@icio.us,Male,200.253.165.213
336,Annmarie,Giannotti,agiannotti9b@twitpic.com,Female,224.189.159.135
337,Mirabel,Dunbleton,mdunbleton9c@wix.com,Female,219.173.234.68
338,Babbette,Fitchett,bfitchett9d@bravesites.com,Female,233.121.192.233
339,Tildy,Cursey,tcursey9e@mtv.com,Female,38.197.122.110
340,Justen,Broadis,jbroadis9f@deliciousdays.com,Male,232.135.29.5
341,Erda,Pritty,epritty9g@google.ru,Female,74.122.239.173
342,Benn,Philbin,bphilbin9h@amazon.co.uk,Male,49.137.199.204
343,Jamey,Brood,jbrood9i@nifty.com,Male,113.154.45.234
344,Rheba,Bonwell,rbonwell9j@soup.io,Female,70.118.136.12
345,Merissa,Lampen,mlampen9k@ifeng.com,Female,185.177.124.182
346,Burch,Gile,bgile9l@domainmarket.com,Male,192.203.232.123
347,Jannel,Studholme,jstudholme9m@yolasite.com,Female,251.114.34.231
348,Elnora,Gudgen,egudgen9n@statcounter.com,Female,152.143.106.123
349,Lethia,Delacourt,ldelacourt9o@domainmarket.com,Female,139.52.95.221
350,Harlie,Dunley,hdunley9p@facebook.com,Female,37.180.43.137
351,Ailbert,Buckoke,abuckoke9q@163.com,Male,68.188.109.127
352,Tabor,Fowle,tfowle9r@google.com,Male,223.182.149.206
353,Tanya,Brownsill,tbrownsill9s@stumbleupon.com,Female,8.252.230.131
354,Ginger,Varley,gvarley9t@domainmarket.com,Female,199.5.169.189
355,Piggy,Summerlee,psummerlee9u@guardian.co.uk,Male,96.94.205.228
356,Cherry,Florio,cflorio9v@patch.com,Female,212.50.86.103
357,Flemming,Rathbourne,frathbourne9w@twitpic.com,Male,27.41.107.131
358,Birdie,Varey,bvarey9x@ft.com,Female,254.17.87.165
359,Rey,Molines,rmolines9y@ihg.com,Female,96.209.238.70
360,Rowena,Fettiplace,rfettiplace9z@usgs.gov,Female,32.42.139.12
361,Kristoforo,Conachy,kconachya0@vistaprint.com,Male,40.162.15.34
362,Sibelle,Jzhakov,sjzhakova1@live.com,Female,6.13.200.108
363,Ali,Maltman,amaltmana2@cnn.com,Female,227.12.152.57
364,Waly,Endersby,wendersbya3@i2i.jp,Female,4.81.199.202
365,Bearnard,Besnardeau,bbesnardeaua4@e-recht24.de,Male,187.10.115.50
366,Meghann,Tipping,mtippinga5@php.net,Female,216.228.63.223
367,Ag,Pisco,apiscoa6@spotify.com,Female,172.34.234.82
368,Dougie,Twinborough,dtwinborougha7@bbb.org,Male,226.207.43.176
369,Hana,Ivery,hiverya8@weather.com,Female,14.48.17.70
370,Sanderson,Gritsunov,sgritsunova9@naver.com,Male,188.240.168.17
371,Raimondo,Escreet,rescreetaa@constantcontact.com,Male,61.99.130.137
372,Deck,Leagas,dleagasab@cmu.edu,Male,235.23.86.40
373,Kevina,Abbyss,kabbyssac@google.com.au,Female,40.8.232.126
374,Blakeley,Gowanson,bgowansonad@shinystat.com,Female,228.77.60.237
375,Rudd,Roj,rrojae@goo.ne.jp,Male,194.17.33.52
376,Kareem,Holsey,kholseyaf@parallels.com,Male,72.149.225.232
377,Lawrence,Curtois,lcurtoisag@ebay.com,Male,233.110.127.158
378,Tansy,Abelson,tabelsonah@si.edu,Female,220.207.105.194
379,Katine,Britcher,kbritcherai@e-recht24.de,Female,22.27.138.251
380,Penny,Applewhaite,papplewhaiteaj@list-manage.com,Male,106.65.41.225
381,Natalie,Mastrantone,nmastrantoneak@xinhuanet.com,Female,216.140.153.201
382,Sisile,Giannazzo,sgiannazzoal@alibaba.com,Female,102.145.11.133
383,Bethina,Mayte,bmayteam@vinaora.com,Female,6.156.63.89
384,Dede,Gate,dgatean@cornell.edu,Female,107.177.83.214
385,Sansone,Manuello,smanuelloao@salon.com,Male,62.119.189.201
386,Gretel,Squelch,gsquelchap@360.cn,Female,135.217.118.102
387,Pinchas,De Atta,pdeattaaq@clickbank.net,Male,0.23.111.93
388,Karie,Redhole,kredholear@bizjournals.com,Female,223.84.110.187
389,Early,Jardine,ejardineas@nhs.uk,Male,201.24.233.182
390,Noemi,Caton,ncatonat@vimeo.com,Female,6.217.21.239
391,Mandel,O'Shaughnessy,moshaughnessyau@cnet.com,Male,83.25.185.157
392,Avrit,Timmis,atimmisav@oaic.gov.au,Female,86.106.22.163
393,Waite,Pennington,wpenningtonaw@europa.eu,Male,164.4.43.52
394,Ingeborg,Gerrad,igerradax@dailymail.co.uk,Female,9.0.217.160
395,Read,MacIlory,rmaciloryay@newyorker.com,Male,18.96.78.146
396,Steffi,Alltimes,salltimesaz@theatlantic.com,Female,28.154.192.249
397,Jori,Tompion,jtompionb0@sakura.ne.jp,Female,130.208.67.243
398,Mathe,Burfitt,mburfittb1@guardian.co.uk,Male,6.139.45.146
399,Berne,Crosston,bcrosstonb2@hud.gov,Male,211.42.5.242
400,Bevan,Muzzollo,bmuzzollob3@biglobe.ne.jp,Male,221.162.200.180
401,Abdul,Jeune,ajeuneb4@amazon.com,Male,45.26.135.224
402,Anatole,Colvill,acolvillb5@digg.com,Male,98.251.21.143
403,Hank,Feldstein,hfeldsteinb6@chron.com,Male,235.92.164.93
404,Jere,Scotchmoor,jscotchmoorb7@google.cn,Female,104.121.203.148
405,Marlena,Chiverton,mchivertonb8@nsw.gov.au,Female,75.193.191.215
406,Brandais,McMillan,bmcmillanb9@pbs.org,Female,76.34.134.159
407,Sadie,Arundell,sarundellba@google.com,Female,255.115.177.161
408,Sarah,McAvey,smcaveybb@samsung.com,Female,248.230.89.112
409,Hildagard,Geraud,hgeraudbc@wordpress.com,Female,52.76.226.98
410,Myrta,Kisby,mkisbybd@dion.ne.jp,Female,110.46.191.56
411,Joel,Blunn,jblunnbe@cornell.edu,Male,170.153.226.191
412,Caro,Gannan,cgannanbf@slate.com,Female,140.146.95.247
413,Luther,Messham,lmesshambg@google.com.hk,Male,103.90.5.143
414,Kamilah,Daber,kdaberbh@ow.ly,Female,2.22.213.224
415,Harcourt,Whitmarsh,hwhitmarshbi@typepad.com,Male,131.157.77.21
416,Tibold,Moxsom,tmoxsombj@mozilla.com,Male,81.32.165.141
417,Eadith,Alelsandrowicz,ealelsandrowiczbk@joomla.org,Female,14.158.237.51
418,Iggy,Cloney,icloneybl@blogs.com,Male,112.145.209.33
419,Les,Purvess,lpurvessbm@yellowpages.com,Male,190.24.175.239
420,Reamonn,Woolager,rwoolagerbn@gmpg.org,Male,155.245.21.139
421,Geri,Honig,ghonigbo@blogs.com,Female,16.248.175.91
422,Dahlia,Fossick,dfossickbp@nydailynews.com,Female,235.248.117.224
423,Gillan,MacMurray,gmacmurraybq@seesaa.net,Female,89.108.207.65
424,Elsworth,Adhams,eadhamsbr@google.com.br,Male,150.105.148.222
425,Mariellen,Wagstaffe,mwagstaffebs@usnews.com,Female,95.173.93.130
426,Tucky,Ellse,tellsebt@printfriendly.com,Male,167.158.233.201
427,Florian,Giacomini,fgiacominibu@nbcnews.com,Male,195.1.40.44
428,Antonina,Mish,amishbv@intel.com,Female,48.239.104.242
429,Candi,Dibson,cdibsonbw@si.edu,Female,83.177.136.15
430,Morgan,Charlwood,mcharlwoodbx@google.co.uk,Male,243.84.197.148
431,Tildy,Prator,tpratorby@mlb.com,Female,126.173.58.226
432,Devin,Maccrea,dmaccreabz@biglobe.ne.jp,Female,84.125.217.212
433,Nolie,McAne,nmcanec0@xing.com,Female,116.40.181.88
434,Rich,Abbets,rabbetsc1@vimeo.com,Male,99.107.118.37
435,Magdalen,Yven,myvenc2@wired.com,Female,128.187.119.121
436,Maryann,Tipple,mtipplec3@istockphoto.com,Female,33.196.36.226
437,Foss,Noice,fnoicec4@nydailynews.com,Male,216.129.236.141
438,Menard,Acton,mactonc5@wufoo.com,Male,215.16.241.101
439,Jorge,Gapp,jgappc6@baidu.com,Male,67.135.99.162
440,Gabbi,Crighton,gcrightonc7@sciencedaily.com,Female,14.222.204.58
441,Karl,Earwicker,kearwickerc8@storify.com,Male,26.27.43.200
442,Jennette,Blenkinship,jblenkinshipc9@dailymail.co.uk,Female,23.186.232.53
443,Gianna,Brazear,gbrazearca@storify.com,Female,124.79.177.169
444,Kassia,Braid,kbraidcb@printfriendly.com,Female,202.175.168.98
445,Iona,Schapero,ischaperocc@woothemes.com,Female,9.62.177.124
446,Zackariah,Coucha,zcouchacd@cargocollective.com,Male,216.148.25.95
447,Morry,Tebbut,mtebbutce@com.com,Male,54.220.71.189
448,Blinnie,Kops,bkopscf@amazon.co.jp,Female,250.22.229.61
449,Barry,Ebunoluwa,bebunoluwacg@va.gov,Female,239.101.194.247
450,Tatiana,Colville,tcolvillech@booking.com,Female,187.112.117.190
451,Luther,Karleman,lkarlemanci@spiegel.de,Male,41.23.87.33
452,Mordy,Clemits,mclemitscj@ebay.com,Male,20.177.240.51
453,Jeannine,Thursby,jthursbyck@usda.gov,Female,46.141.15.7
454,Devlen,Thunders,dthunderscl@clickbank.net,Male,82.204.68.210
455,Alley,Gladtbach,agladtbachcm@ox.ac.uk,Male,240.65.155.87
456,Gale,Collacombe,gcollacombecn@dropbox.com,Male,202.9.115.163
457,Randy,Evens,revensco@51.la,Female,65.235.175.18
458,Nadia,Teanby,nteanbycp@pcworld.com,Female,42.35.152.154
459,Cyrille,Kightly,ckightlycq@google.cn,Male,183.104.103.7
460,Al,Ruddy,aruddycr@hubpages.com,Male,160.129.230.109
461,Kylie,Bampfield,kbampfieldcs@acquirethisname.com,Male,202.191.185.133
462,Fanchette,Carreck,fcarreckct@auda.org.au,Female,148.238.223.157
463,Neilla,Coogan,ncoogancu@webmd.com,Female,112.80.195.116
464,Christa,Pollicatt,cpollicattcv@utexas.edu,Female,201.83.232.100
465,Garrard,McQuaker,gmcquakercw@independent.co.uk,Male,56.64.196.88
466,Dolph,Madoc-Jones,dmadocjonescx@miitbeian.gov.cn,Male,74.61.154.159
467,Audrey,Aharoni,aaharonicy@drupal.org,Female,8.165.155.107
468,Janna,Pessel,jpesselcz@mac.com,Female,185.43.221.19
469,Carolus,Thorns,cthornsd0@sohu.com,Male,54.126.2.125
470,Cam,Ryce,cryced1@csmonitor.com,Male,230.158.133.224
471,Hillyer,Statter,hstatterd2@oracle.com,Male,174.99.156.11
472,Ruthy,Clement,rclementd3@economist.com,Female,128.183.132.152
473,Clarke,Caizley,ccaizleyd4@wired.com,Male,55.146.228.185
474,Curtice,Swainsbury,cswainsburyd5@harvard.edu,Male,10.237.5.1
475,Ermentrude,Kun,ekund6@amazon.co.jp,Female,157.199.227.174
476,Cleopatra,Caldecutt,ccaldecuttd7@usda.gov,Female,145.151.70.222
477,Laurella,Tubbs,ltubbsd8@google.com,Female,117.100.243.217
478,Rosella,Venour,rvenourd9@nature.com,Female,247.200.179.19
479,Tracey,Burth,tburthda@gizmodo.com,Male,28.187.230.4
480,Cazzie,Francecione,cfrancecionedb@nature.com,Male,96.237.6.101
481,Kristien,Bodesson,kbodessondc@si.edu,Female,127.97.184.82
482,Hendrick,Turfrey,hturfreydd@ibm.com,Male,243.183.214.145
483,Arden,Peele,apeelede@joomla.org,Female,48.193.40.145
484,Frederich,Gandley,fgandleydf@amazon.de,Male,214.252.80.9
485,Cynthia,Elwin,celwindg@github.io,Female,32.149.138.135
486,Margaret,Dorey,mdoreydh@ask.com,Female,26.207.129.111
487,Ambrosius,Jostan,ajostandi@netscape.com,Male,53.179.6.137
488,Hillel,Ciraldo,hciraldodj@nhs.uk,Male,125.57.254.173
489,Georgina,Borleace,gborleacedk@google.it,Female,162.118.245.118
490,Eveleen,Mueller,emuellerdl@webnode.com,Female,93.85.30.226
491,Meier,Rayburn,mrayburndm@aol.com,Male,158.167.134.17
492,Osbert,Pierson,opiersondn@phoca.cz,Male,25.8.54.35
493,Reade,Dufour,rdufourdo@wikipedia.org,Male,2.175.148.27
494,Maribel,Rickford,mrickforddp@oracle.com,Female,64.115.158.255
495,Kristoforo,McCrann,kmccranndq@wikimedia.org,Male,168.112.229.173
496,Kelcie,Handling,khandlingdr@squidoo.com,Female,187.193.160.25
497,Wendie,Candey,wcandeyds@geocities.jp,Female,8.108.243.154
498,Solomon,Claesens,sclaesensdt@marriott.com,Male,32.100.140.177
499,Algernon,Batrip,abatripdu@house.gov,Male,33.129.83.199
500,Bronny,Cogley,bcogleydv@gnu.org,Male,170.108.26.86
501,Harriott,Giottoi,hgiottoidw@npr.org,Female,92.67.251.74
502,Stanton,Hatchette,shatchettedx@sina.com.cn,Male,13.102.18.27
503,Chev,Bedo,cbedody@adobe.com,Male,81.97.32.227
504,Ivie,Cicci,iciccidz@reddit.com,Female,124.249.173.247
505,Rosene,Badham,rbadhame0@yelp.com,Female,208.241.192.162
506,Clemmy,Easom,ceasome1@goo.ne.jp,Female,219.66.49.224
507,Silvie,Laxston,slaxstone2@diigo.com,Female,67.28.142.252
508,Doris,Aveling,davelinge3@google.com.au,Female,134.134.146.30
509,Denna,Zannelli,dzannellie4@deviantart.com,Female,140.139.255.184
510,Biron,Sawdon,bsawdone5@1688.com,Male,50.145.228.99
511,Alleyn,Farran,afarrane6@mozilla.org,Male,253.254.6.12
512,Gilli,Oakshott,goakshotte7@lycos.com,Female,165.143.45.144
513,Alix,Gearty,ageartye8@t-online.de,Female,222.20.34.94
514,Judith,Lafont,jlafonte9@baidu.com,Female,133.235.23.131
515,Maximilien,Baldi,mbaldiea@jiathis.com,Male,249.116.2.145
516,Rivalee,Lauks,rlaukseb@chicagotribune.com,Female,146.188.189.177
517,Jimmie,Santer,jsanterec@fda.gov,Male,185.42.117.94
518,Donovan,Schiementz,dschiementzed@sphinn.com,Male,195.122.7.145
519,Casandra,Ormonde,cormondeee@cbslocal.com,Female,87.89.242.115
520,Ariadne,Dennington,adenningtonef@lulu.com,Female,196.93.185.126
521,Bald,Stansfield,bstansfieldeg@state.gov,Male,164.185.115.74
522,Harmonie,Carabine,hcarabineeh@friendfeed.com,Female,38.85.80.157
523,Talia,Tompsett,ttompsettei@drupal.org,Female,206.169.96.59
524,Bond,Reimer,breimerej@webeden.co.uk,Male,250.169.58.199
525,Cathie,Shemmin,cshemminek@xrea.com,Female,252.7.132.60
526,Jackson,Wackley,jwackleyel@sohu.com,Male,100.245.212.58
527,Chandra,Gonthier,cgonthierem@hao123.com,Female,147.159.203.121
528,Blinnie,Lightbowne,blightbowneen@sogou.com,Female,142.215.81.103
529,Neil,Devanney,ndevanneyeo@comsenz.com,Male,168.203.142.7
530,Marcelo,Meagh,mmeaghep@indiegogo.com,Male,112.90.122.55
531,Stafford,Rapa,srapaeq@arstechnica.com,Male,202.213.66.99
532,Timmie,Bugge,tbuggeer@cafepress.com,Male,221.125.47.154
533,Allie,Van der Velde,avanderveldees@stumbleupon.com,Female,135.128.223.34
534,Lou,Ivatts,livattset@prweb.com,Female,4.191.239.162
535,Rodolph,Trembey,rtrembeyeu@google.com.br,Male,212.244.223.48
536,Daphna,Barrs,dbarrsev@google.co.jp,Female,114.148.63.245
537,Erhart,Nazareth,enazarethew@paginegialle.it,Male,63.61.104.237
538,Nicoli,Thirlwall,nthirlwallex@4shared.com,Female,241.90.0.173
539,Brig,Tukely,btukelyey@msu.edu,Male,199.124.78.149
540,Abdel,Barenskie,abarenskieez@technorati.com,Male,207.69.28.178
541,Maribelle,Keeley,mkeeleyf0@upenn.edu,Female,139.115.203.184
542,Nyssa,Ivens,nivensf1@printfriendly.com,Female,13.238.27.103
543,Miltie,Escofier,mescofierf2@tamu.edu,Male,147.10.153.125
544,Dorey,Cordero,dcorderof3@discuz.net,Female,232.23.98.202
545,Star,Hamman,shammanf4@nasa.gov,Female,185.135.158.106
546,Theodor,Pettigree,tpettigreef5@miibeian.gov.cn,Male,216.103.242.109
547,Ermanno,Olden,eoldenf6@tiny.cc,Male,161.105.159.231
548,Viv,Heavens,vheavensf7@gizmodo.com,Female,178.101.182.27
549,Fabien,Dresser,fdresserf8@t.co,Male,169.28.89.231
550,Pasquale,Carlow,pcarlowf9@cyberchimps.com,Male,119.238.84.46
551,Annadiane,Bedberry,abedberryfa@microsoft.com,Female,72.8.183.253
552,Quinn,Ferrulli,qferrullifb@pagesperso-orange.fr,Male,99.14.95.151
553,Alfonse,Waggitt,awaggittfc@fda.gov,Male,84.109.81.220
554,Garey,Walasik,gwalasikfd@php.net,Male,127.112.159.66
555,Jeannine,Hamm,jhammfe@shareasale.com,Female,247.3.39.168
556,Tracy,Staker,tstakerff@nyu.edu,Male,39.110.171.87
557,Micky,Timlin,mtimlinfg@java.com,Female,168.63.200.149
558,Iseabal,Ballston,iballstonfh@spiegel.de,Female,209.181.0.134
559,Loralee,Greet,lgreetfi@craigslist.org,Female,27.70.20.27
560,Sheffy,Verden,sverdenfj@uol.com.br,Male,30.113.144.141
561,Read,Polfer,rpolferfk@nifty.com,Male,60.226.128.155
562,Alie,Jakubowicz,ajakubowiczfl@umn.edu,Female,53.111.243.254
563,Timothea,Ghiraldi,tghiraldifm@imageshack.us,Female,45.243.129.49
564,Malvin,Morrell,mmorrellfn@google.com,Male,206.173.56.66
565,Chelsey,Letteresse,cletteressefo@slate.com,Female,183.151.180.229
566,Rafaela,Byard,rbyardfp@sfgate.com,Female,134.141.70.105
567,Dom,Talkington,dtalkingtonfq@toplist.cz,Male,95.239.1.68
568,Ferguson,Cappineer,fcappineerfr@hud.gov,Male,93.223.77.102
569,Saunderson,Woodage,swoodagefs@harvard.edu,Male,96.113.60.61
570,Arvin,Mylan,amylanft@plala.or.jp,Male,25.54.58.163
571,Libbi,Nerger,lnergerfu@chicagotribune.com,Female,136.234.173.56
572,Levy,Cristofano,lcristofanofv@walmart.com,Male,102.162.167.166
573,Kingsly,Bosworth,kbosworthfw@google.com.br,Male,132.232.220.36
574,Sadye,Peracco,speraccofx@diigo.com,Female,126.50.83.161
575,Merill,Rosewarne,mrosewarnefy@tripod.com,Male,119.136.9.51
576,Sam,Ledgerton,sledgertonfz@weibo.com,Male,125.164.194.248
577,Brocky,di Rocca,bdiroccag0@bloglines.com,Male,98.142.78.215
578,Curt,Anthony,canthonyg1@va.gov,Male,32.154.122.69
579,Guinna,Grichukhanov,ggrichukhanovg2@senate.gov,Female,137.220.124.72
580,Cesaro,Gallichiccio,cgallichicciog3@prweb.com,Male,200.87.16.239
581,Sharai,Zanioletti,szaniolettig4@salon.com,Female,48.185.143.42
582,Holly,Aiskovitch,haiskovitchg5@ask.com,Male,67.78.6.109
583,Adel,Trudgian,atrudgiang6@delicious.com,Female,233.49.157.142
584,Benji,Winterburn,bwinterburng7@instagram.com,Male,154.51.133.29
585,Kalle,McKeurtan,kmckeurtang8@miibeian.gov.cn,Male,95.4.33.202
586,Giovanni,Yellowlees,gyellowleesg9@marketwatch.com,Male,170.161.3.215
587,Mal,Snap,msnapga@flickr.com,Male,34.169.91.62
588,Belle,Lutwyche,blutwychegb@techcrunch.com,Female,113.45.10.129
589,Stu,Dunnett,sdunnettgc@cnet.com,Male,17.46.115.42
590,Harvey,Durward,hdurwardgd@skyrock.com,Male,34.54.10.54
591,Cherilynn,Wittleton,cwittletonge@house.gov,Female,138.237.58.82
592,Crista,Allsworth,callsworthgf@engadget.com,Female,56.110.126.249
593,Alden,Cawte,acawtegg@myspace.com,Male,250.48.105.99
594,Reine,Komorowski,rkomorowskigh@purevolume.com,Female,63.52.26.228
595,Shina,Eardley,seardleygi@illinois.edu,Female,41.134.94.235
596,Xever,Falconar,xfalconargj@360.cn,Male,214.22.144.90
597,Ellsworth,Cobleigh,ecobleighgk@twitter.com,Male,228.169.182.205
598,Chet,Coade,ccoadegl@privacy.gov.au,Male,136.87.116.94
599,Kippy,Gerritzen,kgerritzengm@nps.gov,Male,16.116.55.76
600,Wilfred,Hultberg,whultberggn@cyberchimps.com,Male,79.240.115.54
601,Hana,Hemphrey,hhemphreygo@blogtalkradio.com,Female,83.72.101.64
602,Sheryl,Mattheus,smattheusgp@dion.ne.jp,Female,171.31.236.211
603,Berkley,Kunert,bkunertgq@typepad.com,Male,96.84.139.34
604,Osborne,Pickerin,opickeringr@cmu.edu,Male,192.208.184.230
605,Pat,Meads,pmeadsgs@ustream.tv,Female,143.211.194.179
606,Guss,Screwton,gscrewtongt@godaddy.com,Male,26.229.37.49
607,Bartie,De Vile,bdevilegu@eventbrite.com,Male,252.216.73.82
608,Celestina,Anelay,canelaygv@woothemes.com,Female,17.2.116.56
609,Nina,Baford,nbafordgw@shop-pro.jp,Female,103.205.55.150
610,Birdie,Prescott,bprescottgx@china.com.cn,Female,98.142.79.175
611,Evanne,Tumbridge,etumbridgegy@sogou.com,Female,98.32.223.134
612,Tootsie,Grinsdale,tgrinsdalegz@ox.ac.uk,Female,245.110.96.136
613,Astrid,Brabbins,abrabbinsh0@tiny.cc,Female,16.172.130.64
614,Christie,Bramford,cbramfordh1@freewebs.com,Male,137.54.233.146
615,Matthiew,Marrow,mmarrowh2@ebay.co.uk,Male,13.73.23.49
616,Foster,Lightman,flightmanh3@plala.or.jp,Male,179.40.252.9
617,Skipton,Flaunders,sflaundersh4@un.org,Male,63.89.150.112
618,Christoper,Kanwell,ckanwellh5@chicagotribune.com,Male,187.133.156.103
619,Errol,Peeke-Vout,epeekevouth6@reddit.com,Male,110.30.212.151
620,Katharina,Blaxeland,kblaxelandh7@skype.com,Female,204.212.219.2
621,Marlow,Reisk,mreiskh8@princeton.edu,Male,73.165.166.158
622,Bondy,Vaen,bvaenh9@skype.com,Male,54.240.168.128
623,Chad,Dredge,cdredgeha@issuu.com,Male,238.47.107.152
624,Herschel,MacNeill,hmacneillhb@ask.com,Male,90.207.125.140
625,Jerrie,Kobpal,jkobpalhc@diigo.com,Male,174.140.120.188
626,Haleigh,Spoward,hspowardhd@free.fr,Male,128.86.250.192
627,Brook,Caldaro,bcaldarohe@hao123.com,Male,196.27.79.152
628,Morgan,Iacovaccio,miacovacciohf@gov.uk,Female,169.113.204.160
629,Aarika,Jorck,ajorckhg@ebay.co.uk,Female,240.188.250.93
630,Malia,Clausson,mclaussonhh@facebook.com,Female,98.30.9.22
631,Brandtr,Stave,bstavehi@tmall.com,Male,54.89.107.132
632,Trev,Du Fray,tdufrayhj@dailymail.co.uk,Male,112.135.118.16
633,Goldina,Beynon,gbeynonhk@macromedia.com,Female,108.118.142.13
634,Sarena,Bigland,sbiglandhl@paginegialle.it,Female,228.26.125.164
635,Raeann,Healy,rhealyhm@indiegogo.com,Female,254.211.219.248
636,Corrie,Verni,cvernihn@netscape.com,Female,193.5.127.236
637,Aurel,Lornsen,alornsenho@globo.com,Female,73.209.20.180
638,Sarene,Caddy,scaddyhp@storify.com,Female,47.147.34.181
639,Tory,Madoc-Jones,tmadocjoneshq@digg.com,Female,25.40.59.212
640,Mariquilla,Kilmartin,mkilmartinhr@phoca.cz,Female,224.4.12.124
641,Iver,Packman,ipackmanhs@ocn.ne.jp,Male,190.23.21.86
642,Elwira,Downey,edowneyht@salon.com,Female,4.15.76.201
643,Danielle,Kosiada,dkosiadahu@issuu.com,Female,177.13.42.101
644,Aimee,Borth,aborthhv@issuu.com,Female,247.112.192.27
645,Jamaal,Shoulder,jshoulderhw@apache.org,Male,117.152.188.4
646,Joni,Gehringer,jgehringerhx@nps.gov,Female,210.162.88.10
647,Vilhelmina,Boyse,vboysehy@amazon.co.jp,Female,104.65.244.197
648,Alejandro,Vader,avaderhz@wp.com,Male,214.12.251.216
649,Gabi,Casford,gcasfordi0@dyndns.org,Male,176.116.50.79
650,Camala,Dunkinson,cdunkinsoni1@cbslocal.com,Female,56.201.100.49
651,Law,Routham,lrouthami2@unc.edu,Male,67.173.255.124
652,Che,Greveson,cgrevesoni3@histats.com,Male,98.254.64.171
653,Bonnee,Antrim,bantrimi4@elegantthemes.com,Female,126.35.143.27
654,Tabb,Buncombe,tbuncombei5@smh.com.au,Male,237.160.33.201
655,Yoshi,Broggio,ybroggioi6@wordpress.org,Female,195.22.251.177
656,Adelind,Hassewell,ahassewelli7@cnet.com,Female,233.143.53.168
657,Bartolomeo,Edgington,bedgingtoni8@github.com,Male,71.103.229.207
658,Jobye,Sussans,jsussansi9@amazon.de,Female,229.141.51.16
659,Petey,Prettyjohns,pprettyjohnsia@google.co.uk,Male,254.224.255.58
660,Luisa,Sweetmore,lsweetmoreib@nytimes.com,Female,112.228.47.111
661,Robby,Reboulet,rrebouletic@arstechnica.com,Male,87.241.79.147
662,Locke,Skivington,lskivingtonid@bbc.co.uk,Male,247.211.12.117
663,Moreen,Giorgiutti,mgiorgiuttiie@live.com,Female,208.99.76.62
664,Henderson,Colquit,hcolquitif@home.pl,Male,31.34.247.138
665,Jessi,Dundin,jdundinig@dell.com,Female,176.17.94.146
666,Alvan,Attawell,aattawellih@arstechnica.com,Male,74.158.216.152
667,Ellery,Roomes,eroomesii@tinyurl.com,Male,166.132.69.189
668,Georgeta,Corps,gcorpsij@webnode.com,Female,210.146.17.75
669,Casar,Killiam,ckilliamik@zimbio.com,Male,245.211.233.138
670,Henriette,Phalp,hphalpil@webmd.com,Female,23.172.105.244
671,Margaretta,Harrad,mharradim@loc.gov,Female,115.102.128.13
672,Helga,Dimsdale,hdimsdalein@prlog.org,Female,40.114.153.208
673,Horatio,Ranfield,hranfieldio@china.com.cn,Male,85.248.100.153
674,Rea,Rilton,rriltonip@phpbb.com,Female,183.4.173.193
675,Bill,Busby,bbusbyiq@t-online.de,Female,108.40.3.11
676,Claire,Halfhead,chalfheadir@drupal.org,Male,175.148.136.169
677,Crystal,Sodor,csodoris@dot.gov,Female,21.95.21.21
678,Lammond,Coysh,lcoyshit@ameblo.jp,Male,113.129.38.123
679,Hillary,Mc Meekan,hmcmeekaniu@yolasite.com,Female,35.197.147.237
680,Tova,Syder,tsyderiv@devhub.com,Female,128.229.216.168
681,Carrol,Tavinor,ctavinoriw@nyu.edu,Male,185.185.33.152
682,Kally,Conaghy,kconaghyix@rakuten.co.jp,Female,211.155.7.154
683,Bertha,Lantaph,blantaphiy@whitehouse.gov,Female,8.222.194.30
684,Herc,Fernehough,hfernehoughiz@shinystat.com,Male,223.190.173.254
685,Lorenzo,Emlen,lemlenj0@google.co.jp,Male,131.199.169.171
686,Lennard,Berridge,lberridgej1@naver.com,Male,110.142.100.104
687,Timmie,Haggerston,thaggerstonj2@wikia.com,Female,14.182.162.54
688,Reggi,Patinkin,rpatinkinj3@odnoklassniki.ru,Female,245.217.55.43
689,Terri,Switland,tswitlandj4@vimeo.com,Male,14.142.0.133
690,Jodie,Itscowicz,jitscowiczj5@biglobe.ne.jp,Male,199.35.84.41
691,Franchot,Casino,fcasinoj6@sbwire.com,Male,7.184.216.38
692,Odelinda,Trinder,otrinderj7@wordpress.com,Female,220.19.233.75
693,Garey,Viger,gvigerj8@apple.com,Male,189.216.64.99
694,Johnathon,O'Reilly,joreillyj9@reuters.com,Male,71.172.111.32
695,Joshia,Toulmin,jtoulminja@ocn.ne.jp,Male,68.116.247.166
696,Iggy,Decourt,idecourtjb@cornell.edu,Male,74.39.10.57
697,Delia,Postle,dpostlejc@usda.gov,Female,247.120.143.118
698,Creigh,Stares,cstaresjd@free.fr,Male,110.39.102.80
699,Brandea,Paulich,bpaulichje@rediff.com,Female,223.198.89.144
700,Kittie,MacGillacolm,kmacgillacolmjf@hubpages.com,Female,212.38.117.18
701,Martie,Oseland,moselandjg@reverbnation.com,Male,32.80.122.119
702,Curry,O'Loinn,coloinnjh@prlog.org,Male,246.225.76.197
703,Sauveur,Greir,sgreirji@reuters.com,Male,139.77.88.13
704,Clyve,MacGarrity,cmacgarrityjj@shop-pro.jp,Male,219.167.110.109
705,Benny,Saunders,bsaundersjk@google.ru,Male,9.154.155.66
706,Murdoch,Ansty,manstyjl@apache.org,Male,33.214.220.86
707,Addy,McCromley,amccromleyjm@github.io,Male,131.183.52.223
708,Carlynne,Jayne,cjaynejn@ycombinator.com,Female,53.12.200.72
709,De witt,Maltman,dmaltmanjo@ovh.net,Male,105.203.84.20
710,Collie,Scrivener,cscrivenerjp@wunderground.com,Female,169.58.165.95
711,Vilma,Albinson,valbinsonjq@dedecms.com,Female,178.98.218.183
712,Ree,Coady,rcoadyjr@google.com,Female,239.133.17.7
713,Leonid,Lilion,llilionjs@geocities.com,Male,250.112.71.142
714,Gifford,Goodsir,ggoodsirjt@webeden.co.uk,Male,213.68.74.157
715,Ryley,Piborn,rpibornju@ebay.com,Male,118.128.24.21
716,Heddi,Eliet,helietjv@ning.com,Female,165.228.166.170
717,Crichton,D'Ambrosio,cdambrosiojw@examiner.com,Male,11.194.13.87
718,Stafford,Purches,spurchesjx@drupal.org,Male,97.131.155.166
719,Tye,Deporte,tdeportejy@shop-pro.jp,Male,48.1.161.32
720,Tine,Roycraft,troycraftjz@people.com.cn,Female,75.210.84.165
721,Boy,Avrahm,bavrahmk0@imageshack.us,Male,27.29.127.97
722,Celinda,Guttridge,cguttridgek1@biblegateway.com,Female,118.72.22.103
723,Mandy,Collick,mcollickk2@networkadvertising.org,Female,64.9.192.217
724,Fayina,Paver,fpaverk3@wikia.com,Female,206.105.147.143
725,Rickie,Maddox,rmaddoxk4@digg.com,Male,86.46.244.222
726,Marion,Bindin,mbindink5@rediff.com,Female,8.109.117.129
727,Bobbette,Gjerde,bgjerdek6@netscape.com,Female,251.146.144.199
728,Hatty,Albery,halberyk7@yolasite.com,Female,226.99.233.169
729,Anastassia,Spear,aspeark8@yahoo.co.jp,Female,102.181.169.131
730,Julia,Lightbody,jlightbodyk9@squarespace.com,Female,38.83.166.9
731,Larine,Goeff,lgoeffka@scribd.com,Female,105.93.130.78
732,Patten,Hanne,phannekb@studiopress.com,Male,253.47.94.189
733,Hube,Gauntlett,hgauntlettkc@pcworld.com,Male,225.163.237.130
734,Ardra,Faull,afaullkd@usnews.com,Female,151.66.204.174
735,Harriott,Mitskevich,hmitskevichke@webs.com,Female,90.24.20.71
736,Sibelle,Gierok,sgierokkf@1688.com,Female,36.111.173.142
737,Chas,Girkins,cgirkinskg@nydailynews.com,Male,16.169.206.166
738,Thor,Ferney,tferneykh@google.ru,Male,108.201.132.52
739,Jonah,Deegan,jdeeganki@amazon.com,Male,249.246.204.93
740,Rori,Padden,rpaddenkj@hexun.com,Female,240.231.103.37
741,Happy,Hardage,hhardagekk@fastcompany.com,Female,51.44.248.101
742,Dallas,Binks,dbinkskl@mit.edu,Male,109.158.117.154
743,Stacy,Behninck,sbehninckkm@mashable.com,Male,173.35.23.9
744,Minerva,Castelli,mcastellikn@columbia.edu,Female,192.95.179.84
745,Allina,Cropper,acropperko@freewebs.com,Female,20.153.226.64
746,Amandi,Ganning,aganningkp@china.com.cn,Female,21.86.240.247
747,Raquel,Nassie,rnassiekq@japanpost.jp,Female,31.121.46.109
748,Stavros,Bentham,sbenthamkr@irs.gov,Male,255.121.231.14
749,Rosie,Dilawey,rdilaweyks@salon.com,Female,239.117.198.202
750,Dulcinea,Reddan,dreddankt@nih.gov,Female,226.170.175.252
751,Dorothee,Colecrough,dcolecroughku@woothemes.com,Female,138.56.158.50
752,Benjamin,Missen,bmissenkv@netvibes.com,Male,146.188.153.91
753,Allyn,Ciabatteri,aciabatterikw@tripod.com,Female,159.95.202.231
754,Alis,Binge,abingekx@mayoclinic.com,Female,231.129.219.213
755,Alexandra,McGivena,amcgivenaky@ustream.tv,Female,245.135.77.34
756,Thacher,Ludford,tludfordkz@theguardian.com,Male,79.115.52.230
757,Stavro,Cluatt,scluattl0@mail.ru,Male,104.232.68.28
758,Elmer,Tisor,etisorl1@webmd.com,Male,185.221.201.55
759,Carin,Rickertsen,crickertsenl2@dedecms.com,Female,169.96.134.189
760,Lorianne,Gotthard.sf,lgotthardsfl3@bigcartel.com,Female,110.165.190.184
761,Wolfy,Antley,wantleyl4@comsenz.com,Male,245.172.252.152
762,Wendell,Stainburn,wstainburnl5@usnews.com,Male,61.239.37.125
763,Winni,Henrie,whenriel6@umich.edu,Female,210.57.6.19
764,Cam,Lyle,clylel7@mashable.com,Male,91.171.128.120
765,Barbe,Lightbourn,blightbournl8@biglobe.ne.jp,Female,66.45.166.37
766,Shela,Saenz,ssaenzl9@freewebs.com,Female,84.11.22.202
767,Genevra,Calley,gcalleyla@digg.com,Female,64.223.127.243
768,Gunther,Cartner,gcartnerlb@jiathis.com,Male,27.177.179.105
769,Son,Baalham,sbaalhamlc@weather.com,Male,115.133.174.235
770,Justine,Jervois,jjervoisld@reuters.com,Female,152.246.81.99
771,Kevin,Kluger,kklugerle@prlog.org,Male,148.203.84.158
772,Aube,Wohlers,awohlerslf@blogs.com,Male,208.77.71.97
773,Dexter,Kiddell,dkiddelllg@ca.gov,Male,240.126.246.218
774,Elia,Bannon,ebannonlh@nydailynews.com,Male,68.238.46.70
775,Penni,Tomasicchio,ptomasicchioli@marriott.com,Female,225.81.69.226
776,Christiana,Kauschke,ckauschkelj@ft.com,Female,96.223.150.45
777,Susy,Greydon,sgreydonlk@sfgate.com,Female,216.180.102.46
778,Bernhard,Cordet,bcordetll@whitehouse.gov,Male,144.222.156.96
779,Hogan,D' Angelo,hdangelolm@phpbb.com,Male,20.244.232.115
780,Chariot,Surcomb,csurcombln@privacy.gov.au,Male,248.187.16.240
781,Larissa,Stivers,lstiverslo@china.com.cn,Female,120.38.86.250
782,Casi,Scardafield,cscardafieldlp@webeden.co.uk,Female,10.154.9.8
783,Ramsay,Diack,rdiacklq@china.com.cn,Male,17.85.141.177
784,Scot,Febre,sfebrelr@creativecommons.org,Male,170.243.249.195
785,Shae,Cattemull,scattemullls@youtube.com,Male,238.6.58.232
786,Silvester,Jamary,sjamarylt@google.pl,Male,204.232.15.107
787,Brewer,Schukert,bschukertlu@berkeley.edu,Male,65.244.138.162
788,Edmund,Spriggen,espriggenlv@sfgate.com,Male,217.97.219.91
789,Danyelle,Donisthorpe,ddonisthorpelw@buzzfeed.com,Female,94.150.251.126
790,Leoine,Itzkovich,litzkovichlx@wired.com,Female,73.177.241.223
791,Demetris,de Voiels,ddevoielsly@wikispaces.com,Male,202.149.40.144
792,Reuben,Heiden,rheidenlz@princeton.edu,Male,155.141.254.249
793,Morris,Crone,mcronem0@1und1.de,Male,220.32.96.88
794,Clive,Linkin,clinkinm1@soundcloud.com,Male,194.248.196.40
795,Nerissa,Moseley,nmoseleym2@rambler.ru,Female,17.225.192.116
796,Darcie,Butterworth,dbutterworthm3@360.cn,Female,38.77.148.162
797,Erina,MacSweeney,emacsweeneym4@unicef.org,Female,104.183.139.111
798,Fair,Pohling,fpohlingm5@hugedomains.com,Male,126.104.43.52
799,Benoite,Allcroft,ballcroftm6@vk.com,Female,158.225.209.123
800,Berk,Eshmade,beshmadem7@simplemachines.org,Male,103.123.144.67
801,Dalia,Kightly,dkightlym8@addtoany.com,Female,12.212.198.150
802,Marcel,De Cristofalo,mdecristofalom9@un.org,Male,27.121.230.229
803,Ana,Gyves,agyvesma@pagesperso-orange.fr,Female,91.249.163.167
804,Waldo,Triebner,wtriebnermb@java.com,Male,84.249.41.107
805,Carol-jean,Florez,cflorezmc@mediafire.com,Female,25.177.150.253
806,Teressa,Corkhill,tcorkhillmd@sohu.com,Female,193.76.51.205
807,Mohandis,Casaro,mcasarome@theglobeandmail.com,Male,141.85.146.94
808,Jeannine,Willicott,jwillicottmf@theguardian.com,Female,88.169.32.71
809,Halley,Cuardall,hcuardallmg@ning.com,Female,87.182.66.10
810,Adah,Worvill,aworvillmh@zdnet.com,Female,75.197.127.160
811,Eleonora,Ioan,eioanmi@intel.com,Female,215.189.66.9
812,Bucky,Stobie,bstobiemj@prweb.com,Male,91.106.3.47
813,Sammie,Spindler,sspindlermk@zimbio.com,Male,10.210.126.131
814,Jo,Witchard,jwitchardml@sohu.com,Male,186.60.141.241
815,Josephina,Fellgett,jfellgettmm@example.com,Female,133.194.210.193
816,Sharity,Calton,scaltonmn@dell.com,Female,204.50.133.123
817,Sven,Tomsu,stomsumo@linkedin.com,Male,76.228.181.78
818,Cesaro,Folomin,cfolominmp@tripod.com,Male,15.211.44.228
819,Cathrine,Notti,cnottimq@cmu.edu,Female,5.54.112.106
820,Anastasia,Odams,aodamsmr@github.io,Female,190.232.153.198
821,Jayson,Guard,jguardms@lulu.com,Male,197.139.187.45
822,Angelica,Willsmore,awillsmoremt@marketwatch.com,Female,87.251.254.81
823,Anthea,Stanhope,astanhopemu@ow.ly,Female,81.4.174.84
824,Perri,Prigg,ppriggmv@harvard.edu,Female,200.23.205.225
825,Clemmy,Heister,cheistermw@phoca.cz,Male,32.10.227.32
826,Rourke,Croxton,rcroxtonmx@stumbleupon.com,Male,17.244.250.41
827,Ivie,Vernazza,ivernazzamy@jimdo.com,Female,234.35.4.7
828,Carlee,Studde,cstuddemz@is.gd,Female,180.74.107.89
829,Maryanna,Moreno,mmorenon0@1688.com,Female,127.18.231.181
830,Elyn,Sudddard,esudddardn1@sogou.com,Female,53.105.49.203
831,Hart,Verdy,hverdyn2@typepad.com,Male,220.197.199.16
832,Skip,Stalf,sstalfn3@wordpress.org,Male,19.155.70.152
833,Cart,Kubacki,ckubackin4@prlog.org,Male,38.221.54.129
834,Hervey,Vowles,hvowlesn5@salon.com,Male,243.57.139.219
835,Alecia,Mynett,amynettn6@geocities.com,Female,34.122.57.49
836,Cristie,Taggerty,ctaggertyn7@fda.gov,Female,180.1.177.193
837,Petronille,Rebeiro,prebeiron8@howstuffworks.com,Female,37.58.240.7
838,Kiley,Janacek,kjanacekn9@yellowpages.com,Male,233.157.96.120
839,Johny,Fetherston,jfetherstonna@histats.com,Male,119.70.0.15
840,Gael,Starzaker,gstarzakernb@edublogs.org,Male,221.52.58.227
841,Eada,Camber,ecambernc@goo.gl,Female,84.14.128.37
842,Silva,Mellsop,smellsopnd@w3.org,Female,78.207.232.28
843,Justine,Shatford,jshatfordne@trellian.com,Female,143.132.55.111
844,Pennie,Croughan,pcroughannf@zdnet.com,Female,183.240.27.193
845,Heindrick,Motherwell,hmotherwellng@naver.com,Male,103.105.20.129
846,Sharity,De Cleyne,sdecleynenh@amazon.com,Female,171.16.134.17
847,Rhianon,Leidl,rleidlni@walmart.com,Female,115.101.3.182
848,Timmy,Spilsburie,tspilsburienj@istockphoto.com,Male,94.42.59.134
849,Charmaine,Mallord,cmallordnk@weather.com,Female,241.202.217.240
850,Cristen,Gon,cgonnl@buzzfeed.com,Female,243.75.27.93
851,Leesa,de Keep,ldekeepnm@dedecms.com,Female,3.190.218.37
852,Lemmy,Munnings,lmunningsnn@google.fr,Male,38.43.188.127
853,Ashely,Rippon,aripponno@amazon.de,Female,55.72.232.225
854,Geoffry,Chaudret,gchaudretnp@tripod.com,Male,82.166.200.172
855,Alexina,Patrie,apatrienq@newsvine.com,Female,4.157.43.182
856,Fanechka,Lapwood,flapwoodnr@prnewswire.com,Female,92.168.19.121
857,Jamey,Torra,jtorrans@ning.com,Male,135.16.200.22
858,Koenraad,Plum,kplumnt@ezinearticles.com,Male,134.76.96.165
859,Ilse,Gilhooley,igilhooleynu@hostgator.com,Female,55.39.183.160
860,Joel,Wyman,jwymannv@yellowbook.com,Male,151.188.93.148
861,Izzy,Wilstead,iwilsteadnw@example.com,Male,100.69.65.140
862,Lilias,Burchess,lburchessnx@fotki.com,Female,113.99.229.119
863,Maegan,Veness,mvenessny@linkedin.com,Female,195.160.27.28
864,Stephanie,Ducarel,sducarelnz@t.co,Female,173.205.14.12
865,Letty,D'Onise,ldoniseo0@tinyurl.com,Female,199.159.243.8
866,Rip,Silverton,rsilvertono1@timesonline.co.uk,Male,118.60.6.211
867,Selig,Vallens,svallenso2@admin.ch,Male,234.132.4.221
868,Pippa,Skidmore,pskidmoreo3@umich.edu,Female,213.135.205.146
869,Leonelle,McCaughen,lmccaugheno4@ucoz.ru,Female,164.149.25.208
870,Janean,Sprulls,jsprullso5@shop-pro.jp,Female,151.116.177.3
871,Valentin,Druery,vdrueryo6@flickr.com,Male,59.109.244.92
872,Bud,Hawkridge,bhawkridgeo7@t-online.de,Male,141.28.179.160
873,Shannen,Shinton,sshintono8@zdnet.com,Female,172.87.168.176
874,Gabbie,Frankom,gfrankomo9@umich.edu,Male,89.38.191.40
875,Rodolphe,Pourvoieur,rpourvoieuroa@dion.ne.jp,Male,134.21.139.116
876,Reagan,Sawbridge,rsawbridgeob@admin.ch,Male,132.33.55.231
877,Nessa,Lawes,nlawesoc@businesswire.com,Female,187.212.83.87
878,Arnaldo,Puttnam,aputtnamod@yellowbook.com,Male,243.237.161.43
879,Salmon,Olivetta,solivettaoe@oakley.com,Male,226.190.195.113
880,Mick,Grollmann,mgrollmannof@cyberchimps.com,Male,130.119.102.35
881,Kilian,Tomenson,ktomensonog@topsy.com,Male,46.209.121.217
882,Darn,Jansen,djansenoh@parallels.com,Male,80.34.44.30
883,Bevvy,Fergyson,bfergysonoi@godaddy.com,Female,177.203.229.136
884,Tracy,Bloodworth,tbloodworthoj@51.la,Male,4.38.192.172
885,Dana,Standley,dstandleyok@google.es,Female,212.55.251.141
886,Petunia,Phillpotts,pphillpottsol@forbes.com,Female,226.123.26.63
887,Thorsten,Cheales,tchealesom@sun.com,Male,234.96.158.68
888,Tamarra,Knappett,tknappetton@businessweek.com,Female,0.82.124.67
889,Beth,Keelan,bkeelanoo@google.co.uk,Female,173.109.238.144
890,Lars,Huleatt,lhuleattop@businessweek.com,Male,237.73.175.141
891,Kaye,Licciardello,klicciardellooq@scribd.com,Female,168.58.85.50
892,Devonna,MacCumeskey,dmaccumeskeyor@addtoany.com,Female,130.159.226.187
893,Neil,Saffrin,nsaffrinos@bigcartel.com,Male,178.119.90.104
894,Becky,Arnau,barnauot@unicef.org,Female,203.76.176.227
895,Missie,Allenson,mallensonou@spiegel.de,Female,219.217.133.179
896,Klara,Precious,kpreciousov@google.nl,Female,54.38.163.236
897,Orelie,Le Fevre,olefevreow@house.gov,Female,165.227.149.78
898,Shaine,Cotty,scottyox@arstechnica.com,Female,150.4.17.103
899,Flossi,Kegg,fkeggoy@miibeian.gov.cn,Female,170.93.33.185
900,Derron,Sketchley,dsketchleyoz@i2i.jp,Male,164.63.114.51
901,Samaria,Chomicki,schomickip0@cisco.com,Female,52.33.166.74
902,Brice,Gronow,bgronowp1@loc.gov,Male,3.38.207.228
903,Merle,Danels,mdanelsp2@sogou.com,Male,34.131.207.116
904,Kayla,Daugherty,kdaughertyp3@unicef.org,Female,220.160.15.228
905,Toni,Rushby,trushbyp4@hostgator.com,Female,117.186.56.239
906,Christy,Barford,cbarfordp5@netvibes.com,Female,103.98.173.41
907,Spence,Nulty,snultyp6@diigo.com,Male,91.224.169.132
908,Morgan,Watmough,mwatmoughp7@seattletimes.com,Female,151.181.120.75
909,Gilly,Vaar,gvaarp8@github.com,Female,27.237.160.243
910,Adena,Layman,alaymanp9@zdnet.com,Female,236.3.185.40
911,Baillie,Marquet,bmarquetpa@yellowpages.com,Male,54.19.210.194
912,Henri,Borrowman,hborrowmanpb@example.com,Male,218.112.139.231
913,Giacopo,Muckersie,gmuckersiepc@phoca.cz,Male,144.242.136.251
914,Mirabel,McElane,mmcelanepd@imageshack.us,Female,48.177.78.111
915,Pincus,Duggon,pduggonpe@wsj.com,Male,113.250.55.189
916,Jacqui,Proger,jprogerpf@state.tx.us,Female,109.196.62.55
917,Dasie,Jarvis,djarvispg@etsy.com,Female,168.18.232.10
918,Briana,Barrows,bbarrowsph@bing.com,Female,19.25.131.219
919,Ronnica,Beggini,rbegginipi@dion.ne.jp,Female,89.80.137.112
920,Roger,Akess,rakesspj@shutterfly.com,Male,208.78.111.98
921,Roddy,Cullity,rcullitypk@accuweather.com,Male,94.27.83.188
922,Ben,Gaspar,bgasparpl@indiegogo.com,Male,77.226.230.117
923,Renate,Cardus,rcarduspm@zdnet.com,Female,199.145.111.61
924,Lilah,Seatter,lseatterpn@csmonitor.com,Female,55.107.132.109
925,Kirby,Cresswell,kcresswellpo@kickstarter.com,Male,55.210.203.18
926,William,Cominetti,wcominettipp@biblegateway.com,Male,92.211.124.153
927,Pearle,Hambly,phamblypq@guardian.co.uk,Female,23.0.255.74
928,Raf,Ferreira,rferreirapr@trellian.com,Female,2.213.141.76
929,Borg,Canby,bcanbyps@icq.com,Male,85.124.140.1
930,Dorian,Copplestone,dcopplestonept@harvard.edu,Female,219.237.79.144
931,Andrew,Alessandone,aalessandonepu@blinklist.com,Male,55.194.213.44
932,Davin,Cordet,dcordetpv@so-net.ne.jp,Male,185.30.58.145
933,Addison,Dewdney,adewdneypw@goodreads.com,Male,16.156.4.7
934,Jerad,Ranns,jrannspx@princeton.edu,Male,232.25.156.39
935,Keary,Paynter,kpaynterpy@whitehouse.gov,Male,129.104.5.186
936,Theresita,Jesson,tjessonpz@sciencedirect.com,Female,154.61.152.66
937,Reamonn,Yallop,ryallopq0@usatoday.com,Male,40.185.42.64
938,Vaughan,Janowicz,vjanowiczq1@bloglines.com,Male,9.87.249.91
939,Trace,Robertshaw,trobertshawq2@whitehouse.gov,Male,207.217.186.158
940,Kerk,Pozzo,kpozzoq3@newyorker.com,Male,11.112.173.146
941,Nanon,Vasiljevic,nvasiljevicq4@myspace.com,Female,94.160.50.146
942,Clementina,Pasterfield,cpasterfieldq5@e-recht24.de,Female,185.138.234.99
943,Audy,Kellett,akellettq6@studiopress.com,Female,132.16.109.115
944,Xymenes,Townrow,xtownrowq7@craigslist.org,Male,93.205.180.165
945,Eziechiele,Borrett,eborrettq8@hp.com,Male,117.45.10.33
946,Randy,Kevane,rkevaneq9@phpbb.com,Female,100.236.154.122
947,Westbrooke,Etchell,wetchellqa@tamu.edu,Male,251.156.32.250
948,Miriam,Greenhalf,mgreenhalfqb@imgur.com,Female,54.97.225.104
949,Dennie,Juggins,djugginsqc@imageshack.us,Female,245.207.23.146
950,Aila,Sidary,asidaryqd@virginia.edu,Female,231.185.198.58
951,Bernadene,Tring,btringqe@1und1.de,Female,159.113.34.153
952,Reuven,Berry,rberryqf@yandex.ru,Male,42.172.26.213
953,Rachel,Marks,rmarksqg@livejournal.com,Female,135.165.91.138
954,Lena,Pyer,lpyerqh@howstuffworks.com,Female,13.4.124.218
955,Franciska,Wincott,fwincottqi@cbc.ca,Female,13.226.190.216
956,Olivier,Le Conte,oleconteqj@multiply.com,Male,18.70.193.122
957,Rosaleen,Coveney,rcoveneyqk@apple.com,Female,253.93.193.31
958,Blinny,Vern,bvernql@ning.com,Female,250.121.39.202
959,Correna,Hancox,chancoxqm@csmonitor.com,Female,85.69.215.144
960,Even,Icom,eicomqn@boston.com,Male,240.17.101.95
961,Byrle,Holyland,bholylandqo@sciencedaily.com,Male,27.25.82.213
962,Culver,Stockow,cstockowqp@huffingtonpost.com,Male,166.179.80.88
963,Sunny,Pescott,spescottqq@webnode.com,Male,76.77.150.69
964,Kinsley,Cortnay,kcortnayqr@multiply.com,Male,54.188.110.253
965,Markos,Dungate,mdungateqs@statcounter.com,Male,179.134.3.51
966,Jeramie,Weall,jweallqt@sfgate.com,Male,211.201.84.113
967,Tove,Millichap,tmillichapqu@google.nl,Female,126.86.240.116
968,Omero,Kennicott,okennicottqv@google.ca,Male,214.87.178.219
969,Giffy,Rilings,grilingsqw@addtoany.com,Male,102.133.53.210
970,Ilene,Joney,ijoneyqx@quantcast.com,Female,153.175.145.180
971,Valry,Hilbourne,vhilbourneqy@51.la,Female,24.247.31.147
972,Blair,Cruwys,bcruwysqz@ed.gov,Female,214.47.134.37
973,Osbourn,Dulwich,odulwichr0@prnewswire.com,Male,194.223.92.185
974,Doralynne,Dockrill,ddockrillr1@vistaprint.com,Female,154.144.182.27
975,Glad,Greeno,ggreenor2@angelfire.com,Female,14.181.60.24
976,Pete,Spelsbury,pspelsburyr3@wiley.com,Male,6.124.128.7
977,Shelly,Rothon,srothonr4@wix.com,Female,253.20.60.36
978,Norbie,Beale,nbealer5@bloglovin.com,Male,108.147.4.22
979,June,Bracey,jbraceyr6@yellowbook.com,Female,127.226.170.187
980,Angelia,Sandys,asandysr7@gov.uk,Female,28.244.147.126
981,Derril,Pumphreys,dpumphreysr8@nifty.com,Male,20.30.100.193
982,Thorvald,Adrien,tadrienr9@webmd.com,Male,1.38.115.106
983,Mitzi,Climance,mclimancera@webmd.com,Female,88.35.244.62
984,Delphine,Hatherleigh,dhatherleighrb@intel.com,Female,172.101.10.81
985,Euphemia,Gilhooley,egilhooleyrc@t-online.de,Female,182.114.239.240
986,Natassia,Jedrzejczyk,njedrzejczykrd@cafepress.com,Female,235.20.49.143
987,Horacio,Berridge,hberridgere@t.co,Male,227.214.63.41
988,Sawyere,Aspland,sasplandrf@mediafire.com,Male,224.164.91.51
989,Christy,Treadwell,ctreadwellrg@ebay.com,Female,188.22.193.90
990,Artur,Normanvill,anormanvillrh@goo.gl,Male,227.212.135.110
991,Gabbey,Ashby,gashbyri@github.com,Female,128.37.193.1
992,Sallyanne,Oxenford,soxenfordrj@tamu.edu,Female,155.36.135.199
993,Jesselyn,Lyall,jlyallrk@tumblr.com,Female,213.24.13.175
994,Ali,Anespie,aanespierl@51.la,Male,220.185.246.58
995,Giulio,Lathan,glathanrm@sciencedaily.com,Male,255.239.165.240
996,Marga,Pickersgill,mpickersgillrn@usda.gov,Female,66.41.198.64
997,Timothea,Haugen,thaugenro@noaa.gov,Female,192.174.49.220
998,Piotr,Batterham,pbatterhamrp@fotki.com,Male,141.32.178.13
999,Orazio,Blasio,oblasiorq@japanpost.jp,Male,229.152.139.72
1000,Ward,Roomes,wroomesrr@linkedin.com,Male,83.19.204.202
